{"cameraMode":{"drawMode":0,"name":"Shaded","section":"Shading Mode"},"sceneLighting":false,"audioPlay":false,"sceneViewState":{"m_AlwaysRefresh":false,"showFog":true,"showSkybox":false,"showFlares":true,"showImageEffects":true,"showParticleSystems":true,"showVisualEffectGraphs":true,"m_FxEnabled":true},"in2DMode":false,"pivot":{"x":2.954604148864746,"y":1.6176499128341675,"z":-35.95436477661133},"rotation":{"x":-0.001498596160672605,"y":0.023100847378373147,"z":0.00003560948607628234,"w":0.9997358918190002},"size":17.16914939880371,"orthographic":false}