{"cameraMode":{"drawMode":0,"name":"Shaded","section":"Shading Mode"},"sceneLighting":false,"audioPlay":false,"sceneViewState":{"m_AlwaysRefresh":false,"showFog":true,"showSkybox":false,"showFlares":true,"showImageEffects":true,"showParticleSystems":true,"showVisualEffectGraphs":true,"m_FxEnabled":true},"in2DMode":false,"pivot":{"x":-2.1866188049316408,"y":1.9570603370666505,"z":-64.5839614868164},"rotation":{"x":0.03149193525314331,"y":-0.015888871625065805,"z":0.0005017461953684688,"w":0.9993851184844971},"size":1.9000000953674317,"orthographic":false}