{"cameraMode":{"drawMode":0,"name":"Shaded","section":"Shading Mode"},"sceneLighting":true,"audioPlay":false,"sceneViewState":{"m_AlwaysRefresh":false,"showFog":true,"showSkybox":true,"showFlares":true,"showImageEffects":true,"showParticleSystems":true,"showVisualEffectGraphs":true,"m_FxEnabled":true},"in2DMode":false,"pivot":{"x":-4.830443382263184,"y":12.549837112426758,"z":28.885557174682618},"rotation":{"x":0.16120187938213349,"y":-0.033447496592998508,"z":0.005470111034810543,"w":0.986348569393158},"size":5.290594577789307,"orthographic":false}